<?xml version="1.0" encoding="UTF-8"?>
<project-private xmlns="http://www.netbeans.org/ns/project-private/1">
    <editor-bookmarks xmlns="http://www.netbeans.org/ns/editor-bookmarks/2" lastBookmarkId="0"/>
    <open-files xmlns="http://www.netbeans.org/ns/projectui-open-files/2">
        <group>
            <file>file:/C:/Bernardo/6-PUCP%202024-2/1-Programacion%203/5-TA/lab6/KameCoders/SoftCapsuleCare-MedicalManagement/src/pe/edu/pucp/citamedica/model/consultas/CitaMedica.java</file>
            <file>file:/C:/Bernardo/6-PUCP%202024-2/1-Programacion%203/5-TA/lab6/KameCoders/SoftCapsuleCare-MedicalManagement/src/pe/edu/pucp/citamedica/model/consultas/ReporteMedico.java</file>
        </group>
    </open-files>
</project-private>
